state_code,estimate,pop,issue_id,state_name
01,0.4606,2313578,immigration_restrict,Schleswig-Holstein
02,0.3566,1431449,immigration_restrict,Hamburg
03,0.4704,6204994,immigration_restrict,Niedersachsen
04,0.4332,550759,immigration_restrict,Bremen
05,0.4688,14256301,immigration_restrict,Nordrhein-Westfalen
06,0.4699,4910495,immigration_restrict,Hessen
07,0.4747,3149298,immigration_restrict,Rheinland-Pfalz
08,0.4671,8784086,immigration_restrict,Baden-Württemberg
09,0.5143,10136201,immigration_restrict,Bayern
10,0.5075,809696,immigration_restrict,Saarland
11,0.4189,2877040,immigration_restrict,Berlin
12,0.5519,1973635,immigration_restrict,Brandenburg
13,0.5338,1265934,immigration_restrict,Mecklenburg-Vorpommern
14,0.571,3118235,immigration_restrict,Sachsen
15,0.5939,1708066,immigration_restrict,Sachsen-Anhalt
16,0.5877,1614194,immigration_restrict,Thüringen
01,0.4085,2313578,immigration_culture_adapt,Schleswig-Holstein
02,0.3514,1431449,immigration_culture_adapt,Hamburg
03,0.4149,6204994,immigration_culture_adapt,Niedersachsen
04,0.3659,550759,immigration_culture_adapt,Bremen
05,0.4074,14256301,immigration_culture_adapt,Nordrhein-Westfalen
06,0.4065,4910495,immigration_culture_adapt,Hessen
07,0.431,3149298,immigration_culture_adapt,Rheinland-Pfalz
08,0.4267,8784086,immigration_culture_adapt,Baden-Württemberg
09,0.4416,10136201,immigration_culture_adapt,Bayern
10,0.434,809696,immigration_culture_adapt,Saarland
11,0.3632,2877040,immigration_culture_adapt,Berlin
12,0.4568,1973635,immigration_culture_adapt,Brandenburg
13,0.4713,1265934,immigration_culture_adapt,Mecklenburg-Vorpommern
14,0.4852,3118235,immigration_culture_adapt,Sachsen
15,0.4848,1708066,immigration_culture_adapt,Sachsen-Anhalt
16,0.4863,1614194,immigration_culture_adapt,Thüringen
01,0.5176,2313578,climate_ego,Schleswig-Holstein
02,0.5659,1431449,climate_ego,Hamburg
03,0.5125,6204994,climate_ego,Niedersachsen
04,0.5395,550759,climate_ego,Bremen
05,0.5154,14256301,climate_ego,Nordrhein-Westfalen
06,0.5136,4910495,climate_ego,Hessen
07,0.4945,3149298,climate_ego,Rheinland-Pfalz
08,0.4927,8784086,climate_ego,Baden-Württemberg
09,0.4864,10136201,climate_ego,Bayern
10,0.4842,809696,climate_ego,Saarland
11,0.538,2877040,climate_ego,Berlin
12,0.4438,1973635,climate_ego,Brandenburg
13,0.4318,1265934,climate_ego,Mecklenburg-Vorpommern
14,0.401,3118235,climate_ego,Sachsen
15,0.4194,1708066,climate_ego,Sachsen-Anhalt
16,0.4108,1614194,climate_ego,Thüringen
01,0.3443,2313578,taxes_vs_spending,Schleswig-Holstein
02,0.4409,1431449,taxes_vs_spending,Hamburg
03,0.3305,6204994,taxes_vs_spending,Niedersachsen
04,0.3623,550759,taxes_vs_spending,Bremen
05,0.3319,14256301,taxes_vs_spending,Nordrhein-Westfalen
06,0.3252,4910495,taxes_vs_spending,Hessen
07,0.3132,3149298,taxes_vs_spending,Rheinland-Pfalz
08,0.3095,8784086,taxes_vs_spending,Baden-Württemberg
09,0.3066,10136201,taxes_vs_spending,Bayern
10,0.3218,809696,taxes_vs_spending,Saarland
11,0.4423,2877040,taxes_vs_spending,Berlin
12,0.3353,1973635,taxes_vs_spending,Brandenburg
13,0.3601,1265934,taxes_vs_spending,Mecklenburg-Vorpommern
14,0.3283,3118235,taxes_vs_spending,Sachsen
15,0.3154,1708066,taxes_vs_spending,Sachsen-Anhalt
16,0.3036,1614194,taxes_vs_spending,Thüringen
01,0.573,2313578,income_reduce,Schleswig-Holstein
02,0.5855,1431449,income_reduce,Hamburg
03,0.5892,6204994,income_reduce,Niedersachsen
04,0.5926,550759,income_reduce,Bremen
05,0.5543,14256301,income_reduce,Nordrhein-Westfalen
06,0.5569,4910495,income_reduce,Hessen
07,0.5564,3149298,income_reduce,Rheinland-Pfalz
08,0.5455,8784086,income_reduce,Baden-Württemberg
09,0.5657,10136201,income_reduce,Bayern
10,0.5958,809696,income_reduce,Saarland
11,0.6434,2877040,income_reduce,Berlin
12,0.6556,1973635,income_reduce,Brandenburg
13,0.6557,1265934,income_reduce,Mecklenburg-Vorpommern
14,0.657,3118235,income_reduce,Sachsen
15,0.6614,1708066,income_reduce,Sachsen-Anhalt
16,0.6662,1614194,income_reduce,Thüringen
01,0.6936,2313578,higher_earners_tax,Schleswig-Holstein
02,0.7056,1431449,higher_earners_tax,Hamburg
03,0.6985,6204994,higher_earners_tax,Niedersachsen
04,0.7127,550759,higher_earners_tax,Bremen
05,0.6847,14256301,higher_earners_tax,Nordrhein-Westfalen
06,0.6852,4910495,higher_earners_tax,Hessen
07,0.6896,3149298,higher_earners_tax,Rheinland-Pfalz
08,0.6666,8784086,higher_earners_tax,Baden-Württemberg
09,0.6734,10136201,higher_earners_tax,Bayern
10,0.6987,809696,higher_earners_tax,Saarland
11,0.7123,2877040,higher_earners_tax,Berlin
12,0.7152,1973635,higher_earners_tax,Brandenburg
13,0.7224,1265934,higher_earners_tax,Mecklenburg-Vorpommern
14,0.7055,3118235,higher_earners_tax,Sachsen
15,0.7232,1708066,higher_earners_tax,Sachsen-Anhalt
16,0.7124,1614194,higher_earners_tax,Thüringen
01,0.1493,2313578,state_out_economy,Schleswig-Holstein
02,0.1402,1431449,state_out_economy,Hamburg
03,0.1469,6204994,state_out_economy,Niedersachsen
04,0.1449,550759,state_out_economy,Bremen
05,0.1491,14256301,state_out_economy,Nordrhein-Westfalen
06,0.1499,4910495,state_out_economy,Hessen
07,0.1527,3149298,state_out_economy,Rheinland-Pfalz
08,0.1578,8784086,state_out_economy,Baden-Württemberg
09,0.1589,10136201,state_out_economy,Bayern
10,0.1553,809696,state_out_economy,Saarland
11,0.1478,2877040,state_out_economy,Berlin
12,0.1571,1973635,state_out_economy,Brandenburg
13,0.1586,1265934,state_out_economy,Mecklenburg-Vorpommern
14,0.1662,3118235,state_out_economy,Sachsen
15,0.1643,1708066,state_out_economy,Sachsen-Anhalt
16,0.1641,1614194,state_out_economy,Thüringen
01,0.6963,2313578,eu_integration,Schleswig-Holstein
02,0.7607,1431449,eu_integration,Hamburg
03,0.6991,6204994,eu_integration,Niedersachsen
04,0.7099,550759,eu_integration,Bremen
05,0.721,14256301,eu_integration,Nordrhein-Westfalen
06,0.705,4910495,eu_integration,Hessen
07,0.6838,3149298,eu_integration,Rheinland-Pfalz
08,0.6911,8784086,eu_integration,Baden-Württemberg
09,0.6849,10136201,eu_integration,Bayern
10,0.6778,809696,eu_integration,Saarland
11,0.7648,2877040,eu_integration,Berlin
12,0.6602,1973635,eu_integration,Brandenburg
13,0.6611,1265934,eu_integration,Mecklenburg-Vorpommern
14,0.6327,3118235,eu_integration,Sachsen
15,0.6284,1708066,eu_integration,Sachsen-Anhalt
16,0.6406,1614194,eu_integration,Thüringen
01,0.2939,2313578,ukraine_arms,Schleswig-Holstein
02,0.2389,1431449,ukraine_arms,Hamburg
03,0.2971,6204994,ukraine_arms,Niedersachsen
04,0.3272,550759,ukraine_arms,Bremen
05,0.3004,14256301,ukraine_arms,Nordrhein-Westfalen
06,0.2895,4910495,ukraine_arms,Hessen
07,0.302,3149298,ukraine_arms,Rheinland-Pfalz
08,0.3273,8784086,ukraine_arms,Baden-Württemberg
09,0.3173,10136201,ukraine_arms,Bayern
10,0.3246,809696,ukraine_arms,Saarland
11,0.3297,2877040,ukraine_arms,Berlin
12,0.4646,1973635,ukraine_arms,Brandenburg
13,0.4813,1265934,ukraine_arms,Mecklenburg-Vorpommern
14,0.5017,3118235,ukraine_arms,Sachsen
15,0.5329,1708066,ukraine_arms,Sachsen-Anhalt
16,0.5143,1614194,ukraine_arms,Thüringen
01,0.2559,2313578,voting_age_16,Schleswig-Holstein
02,0.2651,1431449,voting_age_16,Hamburg
03,0.2339,6204994,voting_age_16,Niedersachsen
04,0.2473,550759,voting_age_16,Bremen
05,0.2386,14256301,voting_age_16,Nordrhein-Westfalen
06,0.2079,4910495,voting_age_16,Hessen
07,0.219,3149298,voting_age_16,Rheinland-Pfalz
08,0.2145,8784086,voting_age_16,Baden-Württemberg
09,0.1875,10136201,voting_age_16,Bayern
10,0.2151,809696,voting_age_16,Saarland
11,0.2642,2877040,voting_age_16,Berlin
12,0.216,1973635,voting_age_16,Brandenburg
13,0.2034,1265934,voting_age_16,Mecklenburg-Vorpommern
14,0.1862,3118235,voting_age_16,Sachsen
15,0.2004,1708066,voting_age_16,Sachsen-Anhalt
16,0.2152,1614194,voting_age_16,Thüringen
01,0.5655,2313578,referendum_federal,Schleswig-Holstein
02,0.5313,1431449,referendum_federal,Hamburg
03,0.5699,6204994,referendum_federal,Niedersachsen
04,0.563,550759,referendum_federal,Bremen
05,0.5798,14256301,referendum_federal,Nordrhein-Westfalen
06,0.5736,4910495,referendum_federal,Hessen
07,0.589,3149298,referendum_federal,Rheinland-Pfalz
08,0.5948,8784086,referendum_federal,Baden-Württemberg
09,0.6005,10136201,referendum_federal,Bayern
10,0.5994,809696,referendum_federal,Saarland
11,0.6178,2877040,referendum_federal,Berlin
12,0.6334,1973635,referendum_federal,Brandenburg
13,0.6399,1265934,referendum_federal,Mecklenburg-Vorpommern
14,0.6739,3118235,referendum_federal,Sachsen
15,0.6592,1708066,referendum_federal,Sachsen-Anhalt
16,0.6709,1614194,referendum_federal,Thüringen
01,0.7559,2313578,same_sex_marriage,Schleswig-Holstein
02,0.7875,1431449,same_sex_marriage,Hamburg
03,0.744,6204994,same_sex_marriage,Niedersachsen
04,0.7752,550759,same_sex_marriage,Bremen
05,0.7369,14256301,same_sex_marriage,Nordrhein-Westfalen
06,0.7347,4910495,same_sex_marriage,Hessen
07,0.7334,3149298,same_sex_marriage,Rheinland-Pfalz
08,0.7023,8784086,same_sex_marriage,Baden-Württemberg
09,0.7027,10136201,same_sex_marriage,Bayern
10,0.7245,809696,same_sex_marriage,Saarland
11,0.7717,2877040,same_sex_marriage,Berlin
12,0.7288,1973635,same_sex_marriage,Brandenburg
13,0.7145,1265934,same_sex_marriage,Mecklenburg-Vorpommern
14,0.6624,3118235,same_sex_marriage,Sachsen
15,0.7085,1708066,same_sex_marriage,Sachsen-Anhalt
16,0.7009,1614194,same_sex_marriage,Thüringen
01,0.3347,2313578,nuclear_energy,Schleswig-Holstein
02,0.3035,1431449,nuclear_energy,Hamburg
03,0.351,6204994,nuclear_energy,Niedersachsen
04,0.3125,550759,nuclear_energy,Bremen
05,0.3552,14256301,nuclear_energy,Nordrhein-Westfalen
06,0.3636,4910495,nuclear_energy,Hessen
07,0.3762,3149298,nuclear_energy,Rheinland-Pfalz
08,0.3925,8784086,nuclear_energy,Baden-Württemberg
09,0.4104,10136201,nuclear_energy,Bayern
10,0.3872,809696,nuclear_energy,Saarland
11,0.3753,2877040,nuclear_energy,Berlin
12,0.4145,1973635,nuclear_energy,Brandenburg
13,0.409,1265934,nuclear_energy,Mecklenburg-Vorpommern
14,0.4965,3118235,nuclear_energy,Sachsen
15,0.4376,1708066,nuclear_energy,Sachsen-Anhalt
16,0.4721,1614194,nuclear_energy,Thüringen
01,0.2086,2313578,religion_orient,Schleswig-Holstein
02,0.1773,1431449,religion_orient,Hamburg
03,0.2082,6204994,religion_orient,Niedersachsen
04,0.1925,550759,religion_orient,Bremen
05,0.2348,14256301,religion_orient,Nordrhein-Westfalen
06,0.2226,4910495,religion_orient,Hessen
07,0.2315,3149298,religion_orient,Rheinland-Pfalz
08,0.2469,8784086,religion_orient,Baden-Württemberg
09,0.2618,10136201,religion_orient,Bayern
10,0.2141,809696,religion_orient,Saarland
11,0.1883,2877040,religion_orient,Berlin
12,0.1766,1973635,religion_orient,Brandenburg
13,0.1807,1265934,religion_orient,Mecklenburg-Vorpommern
14,0.201,3118235,religion_orient,Sachsen
15,0.1938,1708066,religion_orient,Sachsen-Anhalt
16,0.1856,1614194,religion_orient,Thüringen
01,0.2911,2313578,dmark_return,Schleswig-Holstein
02,0.2649,1431449,dmark_return,Hamburg
03,0.3126,6204994,dmark_return,Niedersachsen
04,0.3239,550759,dmark_return,Bremen
05,0.3414,14256301,dmark_return,Nordrhein-Westfalen
06,0.2942,4910495,dmark_return,Hessen
07,0.3295,3149298,dmark_return,Rheinland-Pfalz
08,0.3047,8784086,dmark_return,Baden-Württemberg
09,0.3227,10136201,dmark_return,Bayern
10,0.3312,809696,dmark_return,Saarland
11,0.3117,2877040,dmark_return,Berlin
12,0.2918,1973635,dmark_return,Brandenburg
13,0.328,1265934,dmark_return,Mecklenburg-Vorpommern
14,0.2939,3118235,dmark_return,Sachsen
15,0.3343,1708066,dmark_return,Sachsen-Anhalt
16,0.3131,1614194,dmark_return,Thüringen
01,0.497,2313578,internet_control,Schleswig-Holstein
02,0.4226,1431449,internet_control,Hamburg
03,0.5065,6204994,internet_control,Niedersachsen
04,0.4603,550759,internet_control,Bremen
05,0.4897,14256301,internet_control,Nordrhein-Westfalen
06,0.495,4910495,internet_control,Hessen
07,0.5078,3149298,internet_control,Rheinland-Pfalz
08,0.4913,8784086,internet_control,Baden-Württemberg
09,0.5088,10136201,internet_control,Bayern
10,0.4994,809696,internet_control,Saarland
11,0.4647,2877040,internet_control,Berlin
12,0.5115,1973635,internet_control,Brandenburg
13,0.5193,1265934,internet_control,Mecklenburg-Vorpommern
14,0.5003,3118235,internet_control,Sachsen
15,0.5193,1708066,internet_control,Sachsen-Anhalt
16,0.5094,1614194,internet_control,Thüringen
01,0.5599,2313578,workfare,Schleswig-Holstein
02,0.5047,1431449,workfare,Hamburg
03,0.5655,6204994,workfare,Niedersachsen
04,0.5068,550759,workfare,Bremen
05,0.5655,14256301,workfare,Nordrhein-Westfalen
06,0.5675,4910495,workfare,Hessen
07,0.5995,3149298,workfare,Rheinland-Pfalz
08,0.5701,8784086,workfare,Baden-Württemberg
09,0.6075,10136201,workfare,Bayern
10,0.5783,809696,workfare,Saarland
11,0.5279,2877040,workfare,Berlin
12,0.6176,1973635,workfare,Brandenburg
13,0.5839,1265934,workfare,Mecklenburg-Vorpommern
14,0.6245,3118235,workfare,Sachsen
15,0.6044,1708066,workfare,Sachsen-Anhalt
16,0.6207,1614194,workfare,Thüringen
01,0.5284,2313578,econ_current_personal,Schleswig-Holstein
02,0.573,1431449,econ_current_personal,Hamburg
03,0.5193,6204994,econ_current_personal,Niedersachsen
04,0.4984,550759,econ_current_personal,Bremen
05,0.5198,14256301,econ_current_personal,Nordrhein-Westfalen
06,0.5458,4910495,econ_current_personal,Hessen
07,0.5284,3149298,econ_current_personal,Rheinland-Pfalz
08,0.5643,8784086,econ_current_personal,Baden-Württemberg
09,0.5669,10136201,econ_current_personal,Bayern
10,0.4951,809696,econ_current_personal,Saarland
11,0.5032,2877040,econ_current_personal,Berlin
12,0.5194,1973635,econ_current_personal,Brandenburg
13,0.4591,1265934,econ_current_personal,Mecklenburg-Vorpommern
14,0.5045,3118235,econ_current_personal,Sachsen
15,0.5061,1708066,econ_current_personal,Sachsen-Anhalt
16,0.5004,1614194,econ_current_personal,Thüringen
01,0.2811,2313578,econ_current_national,Schleswig-Holstein
02,0.3359,1431449,econ_current_national,Hamburg
03,0.2788,6204994,econ_current_national,Niedersachsen
04,0.2527,550759,econ_current_national,Bremen
05,0.2769,14256301,econ_current_national,Nordrhein-Westfalen
06,0.2972,4910495,econ_current_national,Hessen
07,0.2774,3149298,econ_current_national,Rheinland-Pfalz
08,0.3044,8784086,econ_current_national,Baden-Württemberg
09,0.2946,10136201,econ_current_national,Bayern
10,0.2271,809696,econ_current_national,Saarland
11,0.3091,2877040,econ_current_national,Berlin
12,0.294,1973635,econ_current_national,Brandenburg
13,0.2629,1265934,econ_current_national,Mecklenburg-Vorpommern
14,0.2852,3118235,econ_current_national,Sachsen
15,0.2581,1708066,econ_current_national,Sachsen-Anhalt
16,0.2943,1614194,econ_current_national,Thüringen
01,0.158,2313578,econ_retro_personal,Schleswig-Holstein
02,0.1939,1431449,econ_retro_personal,Hamburg
03,0.164,6204994,econ_retro_personal,Niedersachsen
04,0.1674,550759,econ_retro_personal,Bremen
05,0.163,14256301,econ_retro_personal,Nordrhein-Westfalen
06,0.1677,4910495,econ_retro_personal,Hessen
07,0.1634,3149298,econ_retro_personal,Rheinland-Pfalz
08,0.1726,8784086,econ_retro_personal,Baden-Württemberg
09,0.1667,10136201,econ_retro_personal,Bayern
10,0.1466,809696,econ_retro_personal,Saarland
11,0.1891,2877040,econ_retro_personal,Berlin
12,0.1521,1973635,econ_retro_personal,Brandenburg
13,0.1386,1265934,econ_retro_personal,Mecklenburg-Vorpommern
14,0.1535,3118235,econ_retro_personal,Sachsen
15,0.148,1708066,econ_retro_personal,Sachsen-Anhalt
16,0.1418,1614194,econ_retro_personal,Thüringen
01,0.1886,2313578,econ_prospect_personal,Schleswig-Holstein
02,0.2422,1431449,econ_prospect_personal,Hamburg
03,0.1901,6204994,econ_prospect_personal,Niedersachsen
04,0.214,550759,econ_prospect_personal,Bremen
05,0.2024,14256301,econ_prospect_personal,Nordrhein-Westfalen
06,0.2002,4910495,econ_prospect_personal,Hessen
07,0.1943,3149298,econ_prospect_personal,Rheinland-Pfalz
08,0.206,8784086,econ_prospect_personal,Baden-Württemberg
09,0.1903,10136201,econ_prospect_personal,Bayern
10,0.1804,809696,econ_prospect_personal,Saarland
11,0.2297,2877040,econ_prospect_personal,Berlin
12,0.15310000000000001,1973635,econ_prospect_personal,Brandenburg
13,0.1548,1265934,econ_prospect_personal,Mecklenburg-Vorpommern
14,0.1532,3118235,econ_prospect_personal,Sachsen
15,0.1561,1708066,econ_prospect_personal,Sachsen-Anhalt
16,0.1514,1614194,econ_prospect_personal,Thüringen
01,0.5823,2313578,democracy_satisfaction,Schleswig-Holstein
02,0.6261,1431449,democracy_satisfaction,Hamburg
03,0.5972,6204994,democracy_satisfaction,Niedersachsen
04,0.5728,550759,democracy_satisfaction,Bremen
05,0.5969,14256301,democracy_satisfaction,Nordrhein-Westfalen
06,0.5888,4910495,democracy_satisfaction,Hessen
07,0.5882,3149298,democracy_satisfaction,Rheinland-Pfalz
08,0.5864,8784086,democracy_satisfaction,Baden-Württemberg
09,0.5706,10136201,democracy_satisfaction,Bayern
10,0.5166,809696,democracy_satisfaction,Saarland
11,0.54,2877040,democracy_satisfaction,Berlin
12,0.427,1973635,democracy_satisfaction,Brandenburg
13,0.4257,1265934,democracy_satisfaction,Mecklenburg-Vorpommern
14,0.4186,3118235,democracy_satisfaction,Sachsen
15,0.4668,1708066,democracy_satisfaction,Sachsen-Anhalt
16,0.4404,1614194,democracy_satisfaction,Thüringen
01,0.3429,2313578,trust_general,Schleswig-Holstein
02,0.4097,1431449,trust_general,Hamburg
03,0.3391,6204994,trust_general,Niedersachsen
04,0.3296,550759,trust_general,Bremen
05,0.3344,14256301,trust_general,Nordrhein-Westfalen
06,0.3362,4910495,trust_general,Hessen
07,0.3307,3149298,trust_general,Rheinland-Pfalz
08,0.3516,8784086,trust_general,Baden-Württemberg
09,0.3422,10136201,trust_general,Bayern
10,0.2977,809696,trust_general,Saarland
11,0.3937,2877040,trust_general,Berlin
12,0.3188,1973635,trust_general,Brandenburg
13,0.3047,1265934,trust_general,Mecklenburg-Vorpommern
14,0.3261,3118235,trust_general,Sachsen
15,0.2877,1708066,trust_general,Sachsen-Anhalt
16,0.3198,1614194,trust_general,Thüringen
01,0.3618,2313578,political_interest,Schleswig-Holstein
02,0.4347,1431449,political_interest,Hamburg
03,0.3411,6204994,political_interest,Niedersachsen
04,0.3692,550759,political_interest,Bremen
05,0.3449,14256301,political_interest,Nordrhein-Westfalen
06,0.3694,4910495,political_interest,Hessen
07,0.3553,3149298,political_interest,Rheinland-Pfalz
08,0.342,8784086,political_interest,Baden-Württemberg
09,0.3517,10136201,political_interest,Bayern
10,0.3689,809696,political_interest,Saarland
11,0.4318,2877040,political_interest,Berlin
12,0.3638,1973635,political_interest,Brandenburg
13,0.3516,1265934,political_interest,Mecklenburg-Vorpommern
14,0.336,3118235,political_interest,Sachsen
15,0.3551,1708066,political_interest,Sachsen-Anhalt
16,0.3465,1614194,political_interest,Thüringen
01,0.395,2313578,fear_climate,Schleswig-Holstein
02,0.414,1431449,fear_climate,Hamburg
03,0.3908,6204994,fear_climate,Niedersachsen
04,0.4007,550759,fear_climate,Bremen
05,0.3914,14256301,fear_climate,Nordrhein-Westfalen
06,0.3865,4910495,fear_climate,Hessen
07,0.375,3149298,fear_climate,Rheinland-Pfalz
08,0.3751,8784086,fear_climate,Baden-Württemberg
09,0.367,10136201,fear_climate,Bayern
10,0.3709,809696,fear_climate,Saarland
11,0.3927,2877040,fear_climate,Berlin
12,0.344,1973635,fear_climate,Brandenburg
13,0.3343,1265934,fear_climate,Mecklenburg-Vorpommern
14,0.3143,3118235,fear_climate,Sachsen
15,0.3279,1708066,fear_climate,Sachsen-Anhalt
16,0.3222,1614194,fear_climate,Thüringen
01,0.3249,2313578,fear_economy,Schleswig-Holstein
02,0.303,1431449,fear_economy,Hamburg
03,0.3318,6204994,fear_economy,Niedersachsen
04,0.3337,550759,fear_economy,Bremen
05,0.3296,14256301,fear_economy,Nordrhein-Westfalen
06,0.3278,4910495,fear_economy,Hessen
07,0.3383,3149298,fear_economy,Rheinland-Pfalz
08,0.3278,8784086,fear_economy,Baden-Württemberg
09,0.3348,10136201,fear_economy,Bayern
10,0.3525,809696,fear_economy,Saarland
11,0.3177,2877040,fear_economy,Berlin
12,0.3554,1973635,fear_economy,Brandenburg
13,0.3701,1265934,fear_economy,Mecklenburg-Vorpommern
14,0.3707,3118235,fear_economy,Sachsen
15,0.38,1708066,fear_economy,Sachsen-Anhalt
16,0.3681,1614194,fear_economy,Thüringen
01,0.2653,2313578,gov_performance,Schleswig-Holstein
02,0.2627,1431449,gov_performance,Hamburg
03,0.2601,6204994,gov_performance,Niedersachsen
04,0.2332,550759,gov_performance,Bremen
05,0.2658,14256301,gov_performance,Nordrhein-Westfalen
06,0.2511,4910495,gov_performance,Hessen
07,0.2538,3149298,gov_performance,Rheinland-Pfalz
08,0.2676,8784086,gov_performance,Baden-Württemberg
09,0.258,10136201,gov_performance,Bayern
10,0.2312,809696,gov_performance,Saarland
11,0.241,2877040,gov_performance,Berlin
12,0.2403,1973635,gov_performance,Brandenburg
13,0.2252,1265934,gov_performance,Mecklenburg-Vorpommern
14,0.2353,3118235,gov_performance,Sachsen
15,0.2229,1708066,gov_performance,Sachsen-Anhalt
16,0.2322,1614194,gov_performance,Thüringen
01,0.4572,2313578,media_biased,Schleswig-Holstein
02,0.4452,1431449,media_biased,Hamburg
03,0.4651,6204994,media_biased,Niedersachsen
04,0.464,550759,media_biased,Bremen
05,0.4674,14256301,media_biased,Nordrhein-Westfalen
06,0.4639,4910495,media_biased,Hessen
07,0.4976,3149298,media_biased,Rheinland-Pfalz
08,0.5022,8784086,media_biased,Baden-Württemberg
09,0.5148,10136201,media_biased,Bayern
10,0.5026,809696,media_biased,Saarland
11,0.4907,2877040,media_biased,Berlin
12,0.5214,1973635,media_biased,Brandenburg
13,0.5198,1265934,media_biased,Mecklenburg-Vorpommern
14,0.5725,3118235,media_biased,Sachsen
15,0.5444,1708066,media_biased,Sachsen-Anhalt
16,0.5534,1614194,media_biased,Thüringen
01,0.3364,2313578,immigration_culture_threat,Schleswig-Holstein
02,0.276,1431449,immigration_culture_threat,Hamburg
03,0.3449,6204994,immigration_culture_threat,Niedersachsen
04,0.3129,550759,immigration_culture_threat,Bremen
05,0.3366,14256301,immigration_culture_threat,Nordrhein-Westfalen
06,0.3342,4910495,immigration_culture_threat,Hessen
07,0.3591,3149298,immigration_culture_threat,Rheinland-Pfalz
08,0.355,8784086,immigration_culture_threat,Baden-Württemberg
09,0.3711,10136201,immigration_culture_threat,Bayern
10,0.3601,809696,immigration_culture_threat,Saarland
11,0.2886,2877040,immigration_culture_threat,Berlin
12,0.3772,1973635,immigration_culture_threat,Brandenburg
13,0.4003,1265934,immigration_culture_threat,Mecklenburg-Vorpommern
14,0.4041,3118235,immigration_culture_threat,Sachsen
15,0.4157,1708066,immigration_culture_threat,Sachsen-Anhalt
16,0.4077,1614194,immigration_culture_threat,Thüringen
01,0.5138,2313578,immigration_econ_good,Schleswig-Holstein
02,0.5733,1431449,immigration_econ_good,Hamburg
03,0.5072,6204994,immigration_econ_good,Niedersachsen
04,0.5349,550759,immigration_econ_good,Bremen
05,0.5112,14256301,immigration_econ_good,Nordrhein-Westfalen
06,0.5154,4910495,immigration_econ_good,Hessen
07,0.4889,3149298,immigration_econ_good,Rheinland-Pfalz
08,0.4939,8784086,immigration_econ_good,Baden-Württemberg
09,0.4777,10136201,immigration_econ_good,Bayern
10,0.4817,809696,immigration_econ_good,Saarland
11,0.5527,2877040,immigration_econ_good,Berlin
12,0.465,1973635,immigration_econ_good,Brandenburg
13,0.441,1265934,immigration_econ_good,Mecklenburg-Vorpommern
14,0.4287,3118235,immigration_econ_good,Sachsen
15,0.4221,1708066,immigration_econ_good,Sachsen-Anhalt
16,0.4271,1614194,immigration_econ_good,Thüringen
01,0.2626,2313578,fossil_fuel_levy,Schleswig-Holstein
02,0.4087,1431449,fossil_fuel_levy,Hamburg
03,0.2409,6204994,fossil_fuel_levy,Niedersachsen
04,0.3117,550759,fossil_fuel_levy,Bremen
05,0.2704,14256301,fossil_fuel_levy,Nordrhein-Westfalen
06,0.2433,4910495,fossil_fuel_levy,Hessen
07,0.2185,3149298,fossil_fuel_levy,Rheinland-Pfalz
08,0.2572,8784086,fossil_fuel_levy,Baden-Württemberg
09,0.2686,10136201,fossil_fuel_levy,Bayern
10,0.2253,809696,fossil_fuel_levy,Saarland
11,0.3767,2877040,fossil_fuel_levy,Berlin
12,0.1993,1973635,fossil_fuel_levy,Brandenburg
13,0.1738,1265934,fossil_fuel_levy,Mecklenburg-Vorpommern
14,0.1748,3118235,fossil_fuel_levy,Sachsen
15,0.1453,1708066,fossil_fuel_levy,Sachsen-Anhalt
16,0.1731,1614194,fossil_fuel_levy,Thüringen
01,0.4374,2313578,debt_brake,Schleswig-Holstein
02,0.4732,1431449,debt_brake,Hamburg
03,0.4316,6204994,debt_brake,Niedersachsen
04,0.4601,550759,debt_brake,Bremen
05,0.4407,14256301,debt_brake,Nordrhein-Westfalen
06,0.4373,4910495,debt_brake,Hessen
07,0.4222,3149298,debt_brake,Rheinland-Pfalz
08,0.4241,8784086,debt_brake,Baden-Württemberg
09,0.4179,10136201,debt_brake,Bayern
10,0.4206,809696,debt_brake,Saarland
11,0.4594,2877040,debt_brake,Berlin
12,0.3868,1973635,debt_brake,Brandenburg
13,0.377,1265934,debt_brake,Mecklenburg-Vorpommern
14,0.3675,3118235,debt_brake,Sachsen
15,0.3705,1708066,debt_brake,Sachsen-Anhalt
16,0.364,1614194,debt_brake,Thüringen
01,0.4324,2313578,buergergeld_cut,Schleswig-Holstein
02,0.3678,1431449,buergergeld_cut,Hamburg
03,0.4399,6204994,buergergeld_cut,Niedersachsen
04,0.3773,550759,buergergeld_cut,Bremen
05,0.4384,14256301,buergergeld_cut,Nordrhein-Westfalen
06,0.4379,4910495,buergergeld_cut,Hessen
07,0.4592,3149298,buergergeld_cut,Rheinland-Pfalz
08,0.4625,8784086,buergergeld_cut,Baden-Württemberg
09,0.4875,10136201,buergergeld_cut,Bayern
10,0.4505,809696,buergergeld_cut,Saarland
11,0.38,2877040,buergergeld_cut,Berlin
12,0.4683,1973635,buergergeld_cut,Brandenburg
13,0.4744,1265934,buergergeld_cut,Mecklenburg-Vorpommern
14,0.5053,3118235,buergergeld_cut,Sachsen
15,0.4893,1708066,buergergeld_cut,Sachsen-Anhalt
16,0.5018,1614194,buergergeld_cut,Thüringen
01,0.6521,2313578,rent_control,Schleswig-Holstein
02,0.6961,1431449,rent_control,Hamburg
03,0.6323,6204994,rent_control,Niedersachsen
04,0.6922,550759,rent_control,Bremen
05,0.649,14256301,rent_control,Nordrhein-Westfalen
06,0.5999,4910495,rent_control,Hessen
07,0.6133,3149298,rent_control,Rheinland-Pfalz
08,0.5741,8784086,rent_control,Baden-Württemberg
09,0.59,10136201,rent_control,Bayern
10,0.6554,809696,rent_control,Saarland
11,0.7668,2877040,rent_control,Berlin
12,0.6973,1973635,rent_control,Brandenburg
13,0.7413,1265934,rent_control,Mecklenburg-Vorpommern
14,0.6346,3118235,rent_control,Sachsen
15,0.648,1708066,rent_control,Sachsen-Anhalt
16,0.6549,1614194,rent_control,Thüringen
01,0.5207,2313578,speed_limit,Schleswig-Holstein
02,0.5322,1431449,speed_limit,Hamburg
03,0.5153,6204994,speed_limit,Niedersachsen
04,0.5213,550759,speed_limit,Bremen
05,0.5096,14256301,speed_limit,Nordrhein-Westfalen
06,0.513,4910495,speed_limit,Hessen
07,0.5023,3149298,speed_limit,Rheinland-Pfalz
08,0.4983,8784086,speed_limit,Baden-Württemberg
09,0.4839,10136201,speed_limit,Bayern
10,0.5081,809696,speed_limit,Saarland
11,0.5247,2877040,speed_limit,Berlin
12,0.5168,1973635,speed_limit,Brandenburg
13,0.5052,1265934,speed_limit,Mecklenburg-Vorpommern
14,0.4906,3118235,speed_limit,Sachsen
15,0.4917,1708066,speed_limit,Sachsen-Anhalt
16,0.494,1614194,speed_limit,Thüringen
01,0.762,2313578,mandatory_service,Schleswig-Holstein
02,0.7271,1431449,mandatory_service,Hamburg
03,0.7603,6204994,mandatory_service,Niedersachsen
04,0.7179,550759,mandatory_service,Bremen
05,0.7493,14256301,mandatory_service,Nordrhein-Westfalen
06,0.7527,4910495,mandatory_service,Hessen
07,0.7561,3149298,mandatory_service,Rheinland-Pfalz
08,0.7528,8784086,mandatory_service,Baden-Württemberg
09,0.764,10136201,mandatory_service,Bayern
10,0.7493,809696,mandatory_service,Saarland
11,0.7146,2877040,mandatory_service,Berlin
12,0.7485,1973635,mandatory_service,Brandenburg
13,0.7396,1265934,mandatory_service,Mecklenburg-Vorpommern
14,0.7333,3118235,mandatory_service,Sachsen
15,0.7317,1708066,mandatory_service,Sachsen-Anhalt
16,0.7359,1614194,mandatory_service,Thüringen
01,0.1173,2313578,gender_equality_too_far,Schleswig-Holstein
02,0.0983,1431449,gender_equality_too_far,Hamburg
03,0.1189,6204994,gender_equality_too_far,Niedersachsen
04,0.1072,550759,gender_equality_too_far,Bremen
05,0.1136,14256301,gender_equality_too_far,Nordrhein-Westfalen
06,0.1124,4910495,gender_equality_too_far,Hessen
07,0.1201,3149298,gender_equality_too_far,Rheinland-Pfalz
08,0.1152,8784086,gender_equality_too_far,Baden-Württemberg
09,0.1184,10136201,gender_equality_too_far,Bayern
10,0.1143,809696,gender_equality_too_far,Saarland
11,0.0939,2877040,gender_equality_too_far,Berlin
12,0.1253,1973635,gender_equality_too_far,Brandenburg
13,0.1277,1265934,gender_equality_too_far,Mecklenburg-Vorpommern
14,0.114,3118235,gender_equality_too_far,Sachsen
15,0.1304,1708066,gender_equality_too_far,Sachsen-Anhalt
16,0.1156,1614194,gender_equality_too_far,Thüringen
01,0.345,2313578,fear_immigration,Schleswig-Holstein
02,0.2739,1431449,fear_immigration,Hamburg
03,0.3535,6204994,fear_immigration,Niedersachsen
04,0.3169,550759,fear_immigration,Bremen
05,0.3379,14256301,fear_immigration,Nordrhein-Westfalen
06,0.3391,4910495,fear_immigration,Hessen
07,0.3642,3149298,fear_immigration,Rheinland-Pfalz
08,0.3567,8784086,fear_immigration,Baden-Württemberg
09,0.3653,10136201,fear_immigration,Bayern
10,0.3729,809696,fear_immigration,Saarland
11,0.2895,2877040,fear_immigration,Berlin
12,0.4084,1973635,fear_immigration,Brandenburg
13,0.4311,1265934,fear_immigration,Mecklenburg-Vorpommern
14,0.4323,3118235,fear_immigration,Sachsen
15,0.4416,1708066,fear_immigration,Sachsen-Anhalt
16,0.4383,1614194,fear_immigration,Thüringen
01,0.5542,2313578,fear_war,Schleswig-Holstein
02,0.5168,1431449,fear_war,Hamburg
03,0.5564,6204994,fear_war,Niedersachsen
04,0.5347,550759,fear_war,Bremen
05,0.5327,14256301,fear_war,Nordrhein-Westfalen
06,0.5406,4910495,fear_war,Hessen
07,0.5503,3149298,fear_war,Rheinland-Pfalz
08,0.5406,8784086,fear_war,Baden-Württemberg
09,0.5315,10136201,fear_war,Bayern
10,0.5604,809696,fear_war,Saarland
11,0.522,2877040,fear_war,Berlin
12,0.6057,1973635,fear_war,Brandenburg
13,0.6125,1265934,fear_war,Mecklenburg-Vorpommern
14,0.5945,3118235,fear_war,Sachsen
15,0.6045,1708066,fear_war,Sachsen-Anhalt
16,0.6061,1614194,fear_war,Thüringen
01,0.4073,2313578,populism_people_decide,Schleswig-Holstein
02,0.3356,1431449,populism_people_decide,Hamburg
03,0.4172,6204994,populism_people_decide,Niedersachsen
04,0.3805,550759,populism_people_decide,Bremen
05,0.3878,14256301,populism_people_decide,Nordrhein-Westfalen
06,0.396,4910495,populism_people_decide,Hessen
07,0.4251,3149298,populism_people_decide,Rheinland-Pfalz
08,0.4121,8784086,populism_people_decide,Baden-Württemberg
09,0.4121,10136201,populism_people_decide,Bayern
10,0.437,809696,populism_people_decide,Saarland
11,0.3556,2877040,populism_people_decide,Berlin
12,0.5152,1973635,populism_people_decide,Brandenburg
13,0.542,1265934,populism_people_decide,Mecklenburg-Vorpommern
14,0.5318,3118235,populism_people_decide,Sachsen
15,0.5487,1708066,populism_people_decide,Sachsen-Anhalt
16,0.5491,1614194,populism_people_decide,Thüringen
01,0.2271,2313578,populism_compromise,Schleswig-Holstein
02,0.193,1431449,populism_compromise,Hamburg
03,0.2338,6204994,populism_compromise,Niedersachsen
04,0.2293,550759,populism_compromise,Bremen
05,0.2208,14256301,populism_compromise,Nordrhein-Westfalen
06,0.2218,4910495,populism_compromise,Hessen
07,0.2389,3149298,populism_compromise,Rheinland-Pfalz
08,0.2311,8784086,populism_compromise,Baden-Württemberg
09,0.231,10136201,populism_compromise,Bayern
10,0.2457,809696,populism_compromise,Saarland
11,0.2049,2877040,populism_compromise,Berlin
12,0.2899,1973635,populism_compromise,Brandenburg
13,0.3163,1265934,populism_compromise,Mecklenburg-Vorpommern
14,0.304,3118235,populism_compromise,Sachsen
15,0.3283,1708066,populism_compromise,Sachsen-Anhalt
16,0.3148,1614194,populism_compromise,Thüringen
01,0.1057,2313578,justice_society,Schleswig-Holstein
02,0.1191,1431449,justice_society,Hamburg
03,0.106,6204994,justice_society,Niedersachsen
04,0.0997,550759,justice_society,Bremen
05,0.1265,14256301,justice_society,Nordrhein-Westfalen
06,0.1197,4910495,justice_society,Hessen
07,0.1162,3149298,justice_society,Rheinland-Pfalz
08,0.128,8784086,justice_society,Baden-Württemberg
09,0.1358,10136201,justice_society,Bayern
10,0.1125,809696,justice_society,Saarland
11,0.1135,2877040,justice_society,Berlin
12,0.0838,1973635,justice_society,Brandenburg
13,0.0763,1265934,justice_society,Mecklenburg-Vorpommern
14,0.1044,3118235,justice_society,Sachsen
15,0.0808,1708066,justice_society,Sachsen-Anhalt
16,0.0914,1614194,justice_society,Thüringen
01,0.1692,2313578,free_speech_restricted,Schleswig-Holstein
02,0.1542,1431449,free_speech_restricted,Hamburg
03,0.1772,6204994,free_speech_restricted,Niedersachsen
04,0.1769,550759,free_speech_restricted,Bremen
05,0.1762,14256301,free_speech_restricted,Nordrhein-Westfalen
06,0.1733,4910495,free_speech_restricted,Hessen
07,0.1846,3149298,free_speech_restricted,Rheinland-Pfalz
08,0.1735,8784086,free_speech_restricted,Baden-Württemberg
09,0.1699,10136201,free_speech_restricted,Bayern
10,0.1875,809696,free_speech_restricted,Saarland
11,0.1569,2877040,free_speech_restricted,Berlin
12,0.1983,1973635,free_speech_restricted,Brandenburg
13,0.2012,1265934,free_speech_restricted,Mecklenburg-Vorpommern
14,0.1999,3118235,free_speech_restricted,Sachsen
15,0.2216,1708066,free_speech_restricted,Sachsen-Anhalt
16,0.2023,1614194,free_speech_restricted,Thüringen
